<?xml version="1.0" encoding="UTF-8"?>
<!DOCTYPE log4j:configuration SYSTEM "log4j.dtd">

<!-- ===================================================================== -->
<!--                                                                       -->
<!--  Log4j Configuration                                                  -->
<!--                                                                       -->
<!-- ===================================================================== -->


<log4j:configuration xmlns:log4j="http://jakarta.apache.org/log4j/" debug="false" threshold="all">


	<appender name="FILE" class="org.jboss.logging.appender.DailyRollingFileAppender">
      <errorHandler class="org.jboss.logging.util.OnlyOnceErrorHandler"/>
      <param name="File" value="${jboss.server.log.dir}/server.log"/>
      <param name="Append" value="false"/>

      <!-- Rollover at midnight each day -->
      <param name="DatePattern" value="'.'yyyy-MM-dd"/>

      <!-- Rollover at the top of each hour
      <param name="DatePattern" value="'.'yyyy-MM-dd-HH"/>
      -->

      <layout class="org.apache.log4j.PatternLayout">
         <!-- The default pattern: Date Priority [Category] Message\n -->
         <param name="ConversionPattern" value="%d %-5p [%c] %m%n"/>

         <!-- The full pattern: Date MS Priority [Category] (Thread:NDC) Message\n
         <param name="ConversionPattern" value="%d %-5r %-5p [%c] (%t:%x) %m%n"/>
          -->
      </layout>
   </appender>




	<!--the console appender-->
   <appender name="CONSOLE" class="org.apache.log4j.ConsoleAppender">
      <errorHandler class="org.apache.log4j.helpers.OnlyOnceErrorHandler"/>
      <param name="Target" value="System.out"/>
      <!-- can limit the appender to a level -->
      <!-- param name="Threshold" value="INFO"/-->

      <layout class="org.apache.log4j.PatternLayout">
         	<!-- The default pattern
				the date pattern used is ISO8601, formats as: YYYY-mm-dd HH:mm:ss,SSS,
				it should be faster then specifying a SimpleDateFormat as dd-MM-yyyy HH:mm:ss,SSS.
			-->
			<param name="ConversionPattern" value="%d{ABSOLUTE} %-5p [%c{1}] %m%n"/>

      </layout>
   </appender>


<!-- ===================================================================== -->
<!--                                                                       -->
<!--  LOGGERS                                     -->
<!--                                                                       -->
<!-- ===================================================================== -->
	<!-- Limit the org.apache category to INFO as its DEBUG is verbose -->
   <category name="org.apache">
      <priority value="INFO"/>
   </category>

   <!-- Limit the jacorb category to WARN as its INFO is verbose -->
   <category name="jacorb">
      <priority value="WARN"/>
   </category>
   
   <!-- Limit the org.jgroups category to WARN as its INFO is verbose -->
   <category name="org.jgroups">
      <priority value="WARN"/>
   </category>
   
   <!-- Limit the org.quartz category to INFO as its DEBUG is verbose -->
   <category name="org.quartz">
      <priority value="INFO"/>
   </category>

   <!-- Limit JSF logging to DEBUG.  FINER and FINEST will not be logged -->
   <category name="javax.enterprise.resource.webcontainer.jsf">
      <priority value="DEBUG" />
   </category>
                
   <!-- Limit JBoss categories
   <category name="org.jboss">
      <priority value="INFO"/>
   </category>
   -->

   <!-- Limit the JSR77 categories -->
   <category name="org.jboss.management">
      <priority value="INFO"/>
   </category>

   <!-- Show the evolution of the DataSource pool in the logs [inUse/Available/Max]
   <category name="org.jboss.resource.connectionmanager.JBossManagedConnectionPool">
     <priority value="TRACE"/>
   </category>
   -->
   
   <!-- Limit the org.jboss.serial (jboss-serialization) to INFO as its DEBUG is verbose -->
   <category name="org.jboss.serial">
      <priority value="INFO"/>
   </category>




	<category name="org">
		<priority value="WARN"/>
	</category>
	<category name="net">
		<priority value="WARN"/>
	</category>

	<!-- dao all -->

	<!-- log just the SQL -->
	<category name="org.hibernate.SQL">
		<priority value="DEBUG"/>
	</category>

	<!-- log JDBC bind parameters -->
	<category name="org.hibernate.type">
		<priority value="WARN"/>
	</category>

	<!-- log schema export/update -->
	<category name="org.hibernate.tool.hbm2ddl">
		<priority value="WARN"/>
	</category>




	<!-- all spring -->
	<category name="org.springframework">
		<priority value="INFO"/>
	</category>

	<category name="org.springframework.transaction">
		<priority value="WARN"/>
	</category>





<!-- Ignoring the warn maessage for missing files -->
	<category name="org.springframework.beans.factory.config.PropertyOverrideConfigurer">
		<priority value="ERROR"/>
	</category>

	<category name="org.springframework.beans.factory.config.PropertyPlaceholderConfigurer">
		<priority value="ERROR"/>
	</category>










	<!-- Limit the org.apache category to INFO as its DEBUG is verbose -->
	<category name="org.apache">
		<priority value="ERROR"/>
	</category>


	<!-- Limit the org.jgroups category to WARN as its INFO is verbose -->
	<category name="org.jgroups">
		<priority value="ERROR"/>
	</category>

	<!-- Limit apache axis to INFO as its DEBUG is even more verbose -->
	<category name="org.apache.axis">
		<priority value="INFO"/>
	</category>

	<category name="javax.enterprise.resource.webcontainer.jsf.config">
		<priority value="WARN"/>
	</category>

	<category name="com.arjuna">
		<priority value="WARN"/>
	</category>


	



	













	<!-- ======================= -->
	<!-- Setup the Root category -->
	<!-- ======================= -->

	<root>
		<!-- the priority that will effect all loggers that are not defined anywahere and have no defined parents -->
		<priority value="DEBUG"/>
		<appender-ref ref="CONSOLE"/>
		<appender-ref ref="FILE"/>
	</root>

</log4j:configuration>
