<?xml version='1.0' encoding='utf-8'?>
<!DOCTYPE hibernate-configuration PUBLIC
        "-//Hibernate/Hibernate Configuration DTD//EN"
        "http://hibernate.sourceforge.net/hibernate-configuration-3.0.dtd">
<hibernate-configuration>

    <session-factory>

	 <!-- JDBC HSQLDB connection settings -->

        <property name="connection.driver_class">org.hsqldb.jdbcDriver</property>
        <property name="connection.url">jdbc:hsqldb:mem:schemaname</property>
        <property name="connection.username">sa</property>
        <property name="connection.password"/>
        <property name="dialect">org.hibernate.dialect.HSQLDialect</property>
        
        <!-- JDBC Mysql connection settings -->
        <!--<property name="connection.driver_class">com.mysql.jdbc.Driver</property>-->
        <!--<property name="connection.url">jdbc:mysql://localhost:3306/example</property>-->
        <!--<property name="connection.username">root</property>-->
        <!--<property name="connection.password">root</property>-->
        <!--<property name="dialect">org.hibernate.dialect.MySQL5InnoDBDialect</property>-->



        <!-- Disable the second-level cache  -->
        <property name="cache.provider_class">org.hibernate.cache.NoCacheProvider</property>
        <property name="hibernate.format_sql">false</property>
        <property name="hbm2ddl.auto">create</property>

        <!-- Enable Hibernate's automatic session context management -->
        <property name="current_session_context_class">thread</property>

        <property name="org.jboss.envers.versionsTablePrefix">_rev_</property>
        <property name="org.jboss.envers.versionsTableSuffix">_</property>
        <property name="org.jboss.envers.revisionFieldName">revision</property>
        <property name="org.jboss.envers.revisionTypeFieldName">revision_type</property>

        <mapping class="com.tikal.envers.model.Person"/>
        <mapping class="com.tikal.envers.model.Car"/>
        <mapping class="com.tikal.envers.model.version.RevisionInfo"/>




        <listener type="post-insert" class="org.jboss.envers.event.VersionsEventListener"/>
        <listener type="post-update" class="org.jboss.envers.event.VersionsEventListener"/>
        <listener type="post-delete" class="org.jboss.envers.event.VersionsEventListener"/>
        <listener type="post-collection-recreate" class="org.jboss.envers.event.VersionsEventListener"/>
        <listener type="pre-collection-remove" class="org.jboss.envers.event.VersionsEventListener"/>
        <listener type="pre-collection-update" class="org.jboss.envers.event.VersionsEventListener"/>


    </session-factory>

</hibernate-configuration>
