<?xml version="1.0" encoding="UTF-8"?>
<!DOCTYPE log4j:configuration SYSTEM "log4j.dtd">

<!-- ===================================================================== -->
<!--                                                                       -->
<!--  Log4j Configuration                                                  -->
<!--                                                                       -->
<!-- ===================================================================== -->


<log4j:configuration xmlns:log4j="http://jakarta.apache.org/log4j/" debug="false" threshold="all">


	<appender name="SERVER_LOG_APPENDER"
		class="org.apache.log4j.RollingFileAppender">
		<errorHandler class="org.apache.log4j.helpers.OnlyOnceErrorHandler"/>
		<param name="File" value="target/dt-unit-test.log"/>
		<param name="Append" value="false"/>
		<param name="MaxFileSize" value="500MB"/>
		<param name="MaxBackupIndex" value="20"/>

		<layout class="org.apache.log4j.PatternLayout">
			<!-- The default pattern
				the date pattern used is ISO8601, formats as: YYYY-mm-dd HH:mm:ss,SSS,
				it should be faster then specifying a SimpleDateFormat as dd-MM-yyyy HH:mm:ss,SSS.
			-->
			<param name="ConversionPattern" value="%d{ISO8601} %-5p [t-%t] [%c] - %m %n"/>
		</layout>
	</appender>




	<!--the console appender-->
   <appender name="CONSOLE" class="org.apache.log4j.ConsoleAppender">
      <errorHandler class="org.apache.log4j.helpers.OnlyOnceErrorHandler"/>
      <param name="Target" value="System.out"/>
      <!-- can limit the appender to a level -->
      <!-- param name="Threshold" value="INFO"/-->

      <layout class="org.apache.log4j.PatternLayout">
         	<!-- The default pattern
				the date pattern used is ISO8601, formats as: YYYY-mm-dd HH:mm:ss,SSS,
				it should be faster then specifying a SimpleDateFormat as dd-MM-yyyy HH:mm:ss,SSS.
			-->
			<param name="ConversionPattern" value="%d{ISO8601} %-5p [t-%t] [%c{1}] - %m %n"/>

      </layout>
   </appender>


<!-- ===================================================================== -->
<!--                                                                       -->
<!--  LOGGERS                                     -->
<!--                                                                       -->
<!-- ===================================================================== -->



	<!-- dao all -->

	<!-- log just the SQL -->
	<category name="org.hibernate.SQL">
		<priority value="DEBUG"/>
	</category>

	<!-- log JDBC bind parameters -->
	<category name="org.hibernate.type">
		<priority value="DEBUG"/>
	</category>

	<!-- log schema export/update -->
	<category name="org.hibernate.tool.hbm2ddl">
		<priority value="DEBUG"/>
	</category>


	<!-- ======================= -->
	<!-- Setup the Root category -->
	<!-- ======================= -->

	<root>
		<!-- the priority that will effect all loggers that are not defined anywahere and have no defined parents -->
		<priority value="INFO"/>
		<appender-ref ref="CONSOLE"/>
		<appender-ref ref="SERVER_LOG_APPENDER"/>
	</root>

</log4j:configuration>
