<Schema name="kyc_schema">
	<Dimension type="StandardDimension" name="testContract">
                <Hierarchy name="testContract" hasAll="true" allMemberName="All" primaryKey="Contract" primaryKeyTable="testContract">
                        <Table name="testContract">
                        </Table>
                        <Level name="testContract" table="testContract" column="Contract" nameColumn="Contract" type="String" uniqueMembers="false" levelType="Regular" hideMemberIf="Never">
                        </Level>
                </Hierarchy>
        </Dimension>

        <Dimension type="StandardDimension" name="testProduct">
                <Hierarchy name="testProduct" hasAll="true" allMemberName="All" primaryKey="Product" primaryKeyTable="testProduct">
                        <Table name="testProduct">
                        </Table>
                        <Level name="testProductCategory" table="testProduct" column="ProductCategory" nameColumn="ProductCategory" type="String" uniqueMembers="false" levelType="Regular" hideMemberIf="Never">
                        </Level>
                        <Level name="testProductGroup" table="testProduct" column="ProductGroup" nameColumn="ProductGroup" type="String" uniqueMembers="false" levelType="Regular" hideMemberIf="Never">
                        </Level>
                        <Level name="testProduct" table="testProduct" column="Product" type="String" uniqueMembers="false" levelType="Regular" hideMemberIf="Never">
                        </Level>
                </Hierarchy>
        </Dimension>

        <Dimension type="StandardDimension" name="testType">
                <Hierarchy name="testType" hasAll="true" allMemberName="All" primaryKey="TypeCode" primaryKeyTable="testType">
                        <Table name="testType">
                        </Table>
                        <Level name="TypeLetter" table="testType" column="TypeLetter" type="String" uniqueMembers="false" levelType="Regular" hideMemberIf="Never">
                        </Level>
                        <Level name="TypeNumber" table="testType" column="TypeNumber" type="String" uniqueMembers="false" levelType="Regular" hideMemberIf="Never">
                        </Level>
                        <Level name="testTypeCode" table="testType" column="TypeCode" type="String" uniqueMembers="false" levelType="Regular" hideMemberIf="Never">
                        </Level>

                </Hierarchy>
        </Dimension>

        <Cube name="testCube" cache="true" enabled="true">
                <Table name="testJoinTable">
                </Table>
                <DimensionUsage source="testContract" name="testContract" foreignKey="Contract">
                </DimensionUsage>
                <DimensionUsage source="testProduct" name="testProduct" foreignKey="Product">
                </DimensionUsage>
                <DimensionUsage source="testType" name="testType" foreignKey="TypeCode">
                </DimensionUsage>

                <Measure name="Profit" column="Profit" aggregator="sum" visible="true">
                </Measure>
		<Measure name="CC" column="Contract" aggregator="count" visible="true">
                </Measure>
		<CalculatedMember name="AvgProfit" dimension="Measures">
                        <Formula>
                         [Measures].[Profit] / [Measures].[CC]
                        </Formula>
                </CalculatedMember>
                <CalculatedMember name="DedupedProfit" dimension="Measures">
                        <Formula>
			Sum([testContract].CurrentMember.Children, [Measures].[AvgProfit])
                        </Formula>
                </CalculatedMember>
        </Cube>
</Schema>
