<?xml version="1.0" encoding="UTF-8"?>
<!DOCTYPE hibernate-configuration PUBLIC
		"-//Hibernate/Hibernate Configuration DTD 3.0//EN"
		"http://hibernate.sourceforge.net/hibernate-configuration-3.0.dtd">
<hibernate-configuration>
	<session-factory>
		<property name="hibernate.hbm2ddl.auto">update</property>
		<property name="current_session_context_class">thread</property>


		<property name="cache.provider_class">net.sf.ehcache.hibernate.EhCacheProvider</property>

   		<property name="cache.use_query_cache">true</property>


		<property name="connection.driver_class">org.hsqldb.jdbcDriver</property>
		<property name="connection.url">jdbc:hsqldb:mem:aname</property>
		<property name="connection.username">sa</property>
		<property name="connection.password"></property>
		<property name="dialect">org.hibernate.dialect.HSQLDialect</property>

		<mapping class="com.tikal.sample.model.Person"/>




	</session-factory>

</hibernate-configuration>


