<?xml version="1.0" encoding="UTF-8"?>
<beans xmlns="http://www.springframework.org/schema/beans"
	xmlns:xsi="http://www.w3.org/2001/XMLSchema-instance"
	xmlns:p="http://www.springframework.org/schema/p"
	xmlns:aop="http://www.springframework.org/schema/aop"
	xmlns:tx="http://www.springframework.org/schema/tx"
	xmlns:context="http://www.springframework.org/schema/context"
	xmlns:util="http://www.springframework.org/schema/util"
	xsi:schemaLocation="
       http://www.springframework.org/schema/beans http://www.springframework.org/schema/beans/spring-beans-2.5.xsd
       http://www.springframework.org/schema/tx http://www.springframework.org/schema/tx/spring-tx-2.5.xsd
       http://www.springframework.org/schema/aop http://www.springframework.org/schema/aop/spring-aop-2.5.xsd
       http://www.springframework.org/schema/util http://www.springframework.org/schema/util/spring-util-2.5.xsd
       http://www.springframework.org/schema/context http://www.springframework.org/schema/context/spring-context-2.5.xsd">

	<!-- Data source and Transaction manager for a single Hibernate SessionFactory (alternative to JTA) -->
	<bean id="placeholderProperties"
		class="org.springframework.beans.factory.config.PropertyPlaceholderConfigurer">
		<property name="locations">
			<list>
				<!--	for unit tests		-->
				<value>/conf/db.properties</value>
				<!-- for jboss runtime -->
				<value>WEB-INF/conf/db.properties</value>
			</list>
		</property>
	  <!-- override with java system properties -->
		<property name="ignoreResourceNotFound" value="true" />
		<!-- property name="ignoreUnresolvablePlaceholders" value="true" /-->
		<!-- Allow system properties (-D) to override those from file -->
		<property name="localOverride" value="true" />
		<property name="properties">
			<bean class="java.lang.System" factory-method="getProperties" />
		</property>
	</bean>

	<!-- Enable Fine-Grained Autowiring with Annotations -->
    <context:annotation-config/>
    <!-- Scans for @Repository, @Service and @Component -->
    <context:component-scan base-package="com.tikal.sample.server"/>

    <!-- Spring2 Annotation Transaction, similar to EJB3 @TransactionAttribute -->
    <tx:annotation-driven transaction-manager="transactionManager"/>

    <bean id="transactionManager" class="org.springframework.orm.hibernate3.HibernateTransactionManager"
			p:sessionFactory-ref="sessionFactory"/>

	<bean id="transactionTemplate" class="org.springframework.transaction.support.TransactionTemplate">
		<property name="transactionManager" ref="transactionManager"/>
	</bean>

    <!-- Spring2 @AspectJ -->
    <aop:aspectj-autoproxy/>
    <!-- Override Annotation Transaction -->
    <aop:config>
    	<!-- Declare Aspect -->
        <aop:advisor id="txnAspect" advice-ref="txnAdvice" pointcut="execution(* com.tikal.sample.server.service.*.*Service*.*(..))"/>
    </aop:config>
    <tx:advice id="txnAdvice">
        <tx:attributes>
            <tx:method name="find*" read-only="true"/>
            <tx:method name="*"/>
        </tx:attributes>
    </tx:advice>


	<!-- Hibernate SessionFactory -->
	<bean id="sessionFactory" class="org.springframework.orm.hibernate3.annotation.AnnotationSessionFactoryBean">
		<property name="dataSource" ref="dataSource" />
		<property name="hibernateProperties">
			<props>
				<prop key="hibernate.dialect">${hibernate.dialect}</prop>
				<prop key="hibernate.hbm2ddl.auto">${hibernate.hbm2ddl.auto}</prop>
				<prop key="hibernate.search.default.indexBase">${hibernate.search.default.indexBase}</prop>
				<prop key="hibernate.search.default.directory_provider">${hibernate.search.default.directory_provider}</prop>
			</props>
		</property>
		<property name="namingStrategy">
			<bean class="org.hibernate.cfg.ImprovedNamingStrategy" />
		</property>
		<property name="annotatedClasses">
			<list>
				<value>com.tikal.sample.domain.model.Actor</value>
				<value>com.tikal.sample.domain.model.Category</value>
				<value>com.tikal.sample.domain.model.Product</value>
			</list>
		</property>

	</bean>

	<bean id="dataSource" class="org.springframework.jdbc.datasource.DriverManagerDataSource"
			p:driverClassName="${jdbc.driverClassName}"
			p:url="${jdbc.url}"
			p:username="${jdbc.username}"
			p:password="${jdbc.password}"/>


</beans>